{"learning_rate": 1.0189639327644717e-05, "batch_size": 8, "num_train_epochs": 5, "weight_decay": 0.053941807860293886}