{"learning_rate": 1.925031890011204e-05, "batch_size": 8, "num_train_epochs": 8, "weight_decay": 0.0007763561389373143, "dropout_rate": 0.21339224476995422, "adam_epsilon": 2.1700451751907713e-08}